frame,ear,threshold,mov_ear_3,mov_ear_5,mov_ear_7
0,0.29380874464897744,0.0,,,
1,0.2541726224722786,0.0,,,
2,0.2779593746343091,0.0,0.2753135805851884,,
3,0.24069775761649823,0.0,0.2576099182410287,0.26607963684098684,
4,0.2637596848328707,0.0,0.26080560569455935,0.2556958434151496,0.2591682484635024
5,0.24188977751979124,0.0,0.24878240665638673,0.2532392744246521,0.2551650979766243
6,0.24188977751979124,0.0,0.24917974662415107,0.25080473774595646,0.25738539393503496
7,0.26578669124083076,0.0,0.24985541542680437,0.25660812505888747,0.25630513093783025
8,0.26971469418115357,0.0,0.25913038764725843,0.25793569482308853,0.25975236505784016
9,0.2703975336538764,0.0,0.26863297302528677,0.2625234186104438,0.2645071051405109
10,0.2648283964565678,0.0,0.26831354143053243,0.27355403618879875,0.2670316107323227
11,0.2970428654115659,0.0,0.27742293184066985,0.27230896127312737,0.267058189236947
12,0.25956131666247373,0.0,0.2738108595102024,0.266781187847329,0.26539903655572533
13,0.2420758270521618,0.0,0.2662266697087337,0.2635362056110095,0.2631787405973146
14,0.2541726224722786,0.0,0.25193658872897134,0.2614050508141517,0.2604174325222178
15,0.2541726224722786,0.0,0.25014035733223966,0.2522101531574782,0.2658856597829474
16,0.25106837712819796,0.0,0.2531378740242518,0.2609190872813185,0.2614623936549707
17,0.3031059872816755,1.0,0.26944899562738406,0.2657199223740319,0.268952900867553
18,0.26608000251572816,0.0,0.2734181223085341,0.27728437130968614,0.2748461356536303
19,0.3119948671505498,0.0,0.29372695231598467,0.28311554092617097,0.28452208340116464
20,0.28332847055470306,0.0,0.2871344467403271,0.2972827168415352,0.2902905425244625
21,0.3219042567050189,0.0,0.30574253147009056,0.29557188665227285,0.29650246526834334
22,0.2945518363353642,0.0,0.29992818786502856,0.3012662534161999,0.2996966605302599
23,0.2945518363353642,0.0,0.3036693097919156,0.30396035080910816,0.311118647129034
24,0.32546535411509137,1.0,0.3048563422619397,0.31650143843959705,0.3076749063176421
25,0.3460339087071473,0.0,0.3220170330525341,0.30969832339275455,0.3170397663987635
26,0.28788868147080643,0.0,0.319795981431015,0.3205644543501924,0.3179751333992469
27,0.3488824911225526,0.0,0.32760169376683557,0.3273444522248001,0.3219266088921371
28,0.32845182570840203,0.0,0.32174099943392065,0.3266938143589009,0.32208532848663946
29,0.3222121647855952,0.0,0.33318216053885025,0.3166196073168475,0.31550878304987023
30,0.2956628734968801,0.0,0.31544228799695934,0.3149277782342276,0.3030964729548367
31,0.2794295360577074,0.0,0.29910152478006086,0.2969808276180995,0.2989906238935661
32,0.25914773804191304,0.0,0.2780800491988333,0.28312001008480153,0.28832976240132624
33,0.25914773804191304,0.0,0.2659083373805107,0.2735288692630572,0.28000763312184646
34,0.2742564606768737,0.0,0.26418397892023293,0.2684356787140899,0.27254002808657923
35,0.2701969207520447,0.0,0.26786703982361004,0.2665375574102935,0.2694685399103984
36,0.26993892953872545,0.0,0.27146410365588086,0.2695405010546338,0.26871609993981366
37,0.2741624562636133,0.0,0.2714327688514609,0.2725434446989741,0.27161349965635573
38,0.2741624562636133,0.0,0.2727546140219843,0.27357805977514077,0.2745108993728978
39,0.2794295360577074,0.0,0.2759181495283117,0.2754245828362734,0.27123731302625514
40,0.2794295360577074,0.0,0.2776738427930094,0.2717050681786034,0.2691264814229769
41,0.25134135625037524,0.0,0.270066809455263,0.2679567968316999,0.26643400319235766
42,0.2554210995290964,0.0,0.26206399727905944,0.2633426219638551,0.26459427923665046
43,0.2510915819243899,0.0,0.2526180125679538,0.25971359246704645,0.2619169425602908
44,0.26128438857366343,0.0,0.25593235667571673,0.2549119051613243,0.2618008601328748
45,0.2554210995290964,0.0,0.25593235667571673,0.2603670257244083,0.26168477770545884
46,0.2786169590657953,0.0,0.26510748238951837,0.2650061976317481,0.2629401176980442
47,0.2786169590657953,0.0,0.2708850058868955,0.26681362848656465,0.26366368364256587
48,0.2601287361984735,0.0,0.2724542181100211,0.26665396299998145,0.2628767450248934
49,0.2604860611407475,0.0,0.26641058546833857,0.2646863454142988,0.2632194738893782
50,0.24558301160068258,0.0,0.2553992696466345,0.26169965172615123,0.2638292007014092
51,0.2636834906250567,0.0,0.25658418778882935,0.2579140973556548,0.26182308920801567
52,0.2596891872133136,0.0,0.25631856314635115,0.2588031858383683,0.27690710072842656
53,0.2645741786120406,0.0,0.26264895215013695,0.28354698155195307,0.2814244648555828
54,0.38420503970867237,1.0,0.302822801844675,0.29278043624952976,0.2883288106560083
55,0.2917502850885669,0.0,0.3135098344697595,0.3018070344732635,0.30490884935846224
56,0.3088164817437257,0.0,0.328257268846988,0.322197853534173,0.3196442888678825
57,0.3616432825178615,0.0,0.3207366831167177,0.34264933124996483,0.3290557421469697
58,0.36683156719099963,0.0,0.345763777150862,0.3309221953416152,0.33733102595601977
59,0.32556936016692223,0.0,0.3513480699585945,0.33707237137898005,0.3259744635111961
60,0.32250116527538963,0.0,0.33830069754443787,0.336250895549216,0.3239432215886409
61,0.3047091025949073,0.0,0.31759320934574004,0.31942855737177994,0.32206413469623435
62,0.2775315916306811,0.0,0.30158061983365886,0.3051948186329561,0.31984010997501044
63,0.2956628734968801,0.0,0.2926345225741554,0.30929596849343,0.3076767428414792
64,0.34607510946929154,1.0,0.30642319153228453,0.30113333488960803,0.3019975031231493
65,0.2816879972562795,0.0,0.3078086600741514,0.29735445079834977,0.2981104830666454
66,0.2858146821386144,0.0,0.3045259296213961,0.3009065374481864,0.296259349603124
67,0.2952920248798627,0.0,0.28759823475825286,0.30012419641886157,0.2957235554184042
68,0.29175116835025783,0.0,0.29095262512291126,0.28566538099253125,0.2994869527921996
69,0.27378103233764267,0.0,0.286941408522587,0.2937291125639646,0.2866301281408928
70,0.3220066551134484,1.0,0.29584628526711515,0.28778164351827085,0.2842647647985359
71,0.2560773369101449,0.0,0.28395500812041163,0.2817493293142547,0.28066588436804657
72,0.2651304538597823,0.0,0.28107148196112536,0.27552359946924126,0.2750963076690717
73,0.26062251912518763,0.0,0.2606101032983723,0.27202839059912093,0.2713037563375035
74,0.25630498798703943,0.0,0.2606859869906704,0.260667721382287,0.27073705906674356
75,0.26520330902927713,0.0,0.26071027204716896,0.2634150842887223,0.2661483175591733
76,0.2698141514423228,0.0,0.26377414948621336,0.26836608642885695,0.26892276215358485
77,0.2898854645604555,0.0,0.27496764167735205,0.27134127241802447,0.2688394218376483
78,0.27549844907102794,0.0,0.2783993550246014,0.27298968915026195,0.2701043210058757
79,0.26454707164822866,0.0,0.2766436617599031,0.2738443900049624,0.2706505707503664
80,0.26947681330278145,0.0,0.2698407780073448,0.2719073069561929,0.26791491107842597
81,0.2601287361984735,0.0,0.2647175403831608,0.26314095230924084,0.26714826292767413
82,0.24605369132569493,0.0,0.25855308027565016,0.26093078537244735,0.2665797255541956
83,0.26444761438705944,0.0,0.2568766806370763,0.2652025116320232,0.2643824025025973
84,0.2859057029461073,0.0,0.2654690028862869,0.26333058651343466,0.26622514364194416
85,0.2601171877098386,0.0,0.27015683501433446,0.2667940911984708,0.26991303101009884
86,0.27744625962365643,0.0,0.27448971675986655,0.27664175790930445,0.2755457531677976
87,0.2952920248798627,0.0,0.2776184907377856,0.2836637932923658,0.2827689226293581
88,0.2995577913023666,0.0,0.29076535860196157,0.28580582821446826,0.2914175748080799
89,0.2966158775566182,0.0,0.2971552312462826,0.298780026600123,0.2912316584532922
90,0.32498817963811233,1.0,0.3070539494990321,0.3002116323679104,0.29472981570368567
91,0.284604288462592,0.0,0.3020694485524409,0.2980740850844562,0.29601751619448535
92,0.284604288462592,0.0,0.2980655855210988,0.29545455943583365,0.29419364055575314
93,0.2864601630592525,0.0,0.2852229133281459,0.2926363630062575,0.29911873543416434
94,0.28252489540873926,0.0,0.28452978231019443,0.29444541816888403,0.30012510255390773
95,0.3340334554512442,1.0,0.30100617130641183,0.29825664995533,0.297663511422495
96,0.3036604473948207,0.0,0.3067395994182682,0.302887200606456,0.29686315251479456
97,0.30775704171822293,0.0,0.315150314854763,0.3013955232163433,0.2933793333120701
98,0.2790017761086906,0.0,0.296806421740578,0.29693405494329994,0.29763909518730564
99,0.2602175540435222,0.0,0.2823254572901443,0.2933830630902314,0.3016970965122902
100,0.3162784961859011,1.0,0.28516594211270413,0.294837154547993,0.29058545668640284
101,0.3109309046836284,0.0,0.2958089849710177,0.28453614153835505,0.2896253619544201
102,0.25625197667003136,0.0,0.29448712584652154,0.2881237431708058,0.28227506856425116
103,0.2969397842709451,0.0,0.28804088854153537,0.28734122995950956,0.27822874367442907
104,0.25630498798703943,0.0,0.26983224964267194,0.2742210310983161,0.27686587907963095
105,0.2506775018799348,0.0,0.2679740913793059,0.262170350537577,
106,0.2506775018799348,0.0,0.25255333058230295,,
107,,,,,
108,0.265471365262938,0.0,,,
109,0.2691313119696,0.0,,,
110,0.2757697405207115,0.0,,,
111,0.28863533683482956,0.0,,,
112,0.26450653797297013,0.0,,,
113,0.2660485835029219,0.0,,,
114,0.24188977751979124,0.0,,,
115,0.2838778627804863,0.0,,,
116,0.275881606299661,0.0,,,
117,0.22718539158284026,0.0,,,
118,0.259472498817425,0.0,,,
119,0.2789100469573823,0.0,,,
120,0.32497210065190835,1.0,,,
121,0.32497210065190835,0.0,,,
122,0.2593977259589022,0.0,,,
123,0.25931911479574843,0.0,,,
124,0.33158008172696385,1.0,,,
125,0.32510935357275206,0.0,,,
126,0.28546668594971225,0.0,,,
127,0.26072197638635686,0.0,,,
128,0.3252960877186888,1.0,,,
129,0.28748017941327547,0.0,,,
130,0.3055748155457736,0.0,,,
131,0.303644504482819,0.0,,,
132,0.303644504482819,0.0,,,
133,0.2814985439120012,0.0,,,
134,0.3401543224805821,0.0,,,
135,0.27629221425531486,0.0,,,
136,0.3312721736463874,0.0,,,
137,0.285617848863328,0.0,,,
138,0.2776327431906825,0.0,,,
139,0.25542526022678713,0.0,,,
140,0.2808591028297007,0.0,,,
141,0.2808591028297007,0.0,,,
142,0.26523901598425026,0.0,,,
143,0.25044282297125076,0.0,,,
144,0.28048637869960347,0.0,,,
145,0.26060623489133505,0.0,,,
146,0.2504252602267871,0.0,,,
147,0.2369114879879921,0.0,,,
148,0.26143319888753724,0.0,,,
149,0.25592650369430703,0.0,,,
150,0.24163164740528442,0.0,,,
151,0.24163164740528442,0.0,,,
152,0.2658132933325051,0.0,,,
153,0.2411760852840822,0.0,,,
154,0.2653719080017688,0.0,,,
155,0.31384480073825005,1.0,,,
156,0.31384480073825005,0.0,,,
157,0.2858912533202939,0.0,,,
158,0.2858912533202939,0.0,,,
159,0.3249399933610374,1.0,,,
160,0.28250665537230824,0.0,,,
161,0.32289264687890173,0.0,,,
162,0.28506530762310217,0.0,,,
163,0.31131477522765,0.0,,,
164,0.32498817963811233,0.0,,,
165,0.28757190856458376,0.0,,,
166,0.2902443547694462,0.0,,,
167,0.3229956754373308,1.0,,,
168,0.2613068665264481,0.0,,,
169,0.2613068665264481,0.0,,,
170,0.2858146821386144,0.0,,,
171,0.2772559008594476,0.0,,,
172,0.26039679243213437,0.0,,,
173,0.26444761438705944,0.0,,,
174,0.2687139255712394,0.0,,,
175,0.28508413586843534,0.0,,,
176,0.2321891438234044,0.0,,,
177,0.26078632062995977,0.0,,,
178,0.26062251912518763,0.0,,,
179,0.24140595807458542,0.0,,,
180,0.28399095541999225,0.0,,,
181,0.2787360725620407,0.0,,,
182,0.2806886536519003,0.0,,,
183,0.3084328894463644,1.0,,,
184,0.29666934974007597,0.0,,,
185,0.26951558920785956,0.0,,,
186,0.33378661308059004,1.0,,,
187,0.33378661308059004,0.0,,,
188,0.26408600451570174,0.0,,,
189,0.30470504884110944,0.0,,,
190,0.30423340908635044,0.0,,,
191,0.2646266185241557,0.0,,,
192,0.3244576588395622,0.0,,,
193,0.3219042567050189,0.0,,,
194,0.29482347335279985,0.0,,,
195,0.3317494610231047,0.0,,,
196,0.3317494610231047,0.0,,,
197,0.2952920248798627,0.0,,,
198,0.2864601630592525,0.0,,,
199,0.3076201085937396,1.0,,,
200,0.2873137958704062,0.0,,,
201,0.2880984311116509,0.0,,,
202,0.2955661638889189,0.0,,,
203,0.31363395643754255,1.0,,,
204,0.2829728127751945,0.0,,,
205,0.2829728127751945,0.0,,,
206,0.30469221805914715,1.0,,,
207,0.3078459599882517,0.0,,,
208,0.26444761438705944,0.0,,,
209,0.2692813451072392,0.0,,,
210,0.2787360725620407,0.0,,,
211,0.26072197638635686,0.0,,,
212,0.26523041599308905,0.0,,,
213,0.26520330902927713,0.0,,,
214,0.2700974634908755,0.0,,,
215,0.2744291654468364,0.0,,,
216,0.2744291654468364,0.0,,,
217,0.27368157507647345,0.0,,,
218,0.250985378358539,0.0,,,
219,0.2652111657662897,0.0,,,
220,0.2786294222115472,0.0,,,
221,0.26520330902927713,0.0,,,
222,0.2641089858839567,0.0,,,
223,0.28144117110595723,0.0,,,
224,0.2424074333833574,0.0,,,
225,0.22367820703431948,0.0,,,
226,0.22367820703431948,0.0,,,
227,0.25055448653735546,0.0,,,
228,0.24177015044036504,0.0,,,
229,0.29118509262646075,0.0,,,
230,0.2601287361984735,0.0,,,
231,0.2839713025534275,0.0,,,
232,0.32794842650041456,1.0,,,
233,0.29175116835025783,0.0,,,
234,0.3133506056513086,0.0,,,
235,0.3133506056513086,0.0,,,
236,0.2703975336538764,0.0,,,
237,0.3141510008388043,0.0,,,
238,0.29538873448782393,0.0,,,
239,0.2883632410232132,0.0,,,
240,0.3220066551134484,1.0,,,
241,0.3020325298712505,0.0,,,
242,0.2699577169869774,0.0,,,
243,0.22687112052791103,0.0,,,
244,0.23688977751979123,0.0,,,
245,0.26105437686362065,0.0,,,
246,0.24661892258609547,0.0,,,
247,0.27408765571582705,0.0,,,
248,0.23068398168822857,0.0,,,
249,0.23068398168822857,0.0,,,
250,0.2322743929044066,0.0,,,
251,0.2598290695860982,0.0,,,
252,0.2363530576293081,0.0,,,
253,0.2609016192639415,0.0,,,
254,0.26971469418115357,0.0,,,
255,0.2512520875417621,0.0,,,
256,0.25032914097749054,0.0,,,
257,0.2894359467718585,0.0,,,
258,0.3022964455429916,1.0,,,
259,0.3086887063443817,0.0,,,
260,0.2832085038211263,0.0,,,
261,0.26062251912518763,0.0,,,
262,0.2775427808508023,0.0,,,
263,0.2729166785041186,0.0,,,
264,0.2729166785041186,0.0,,,
265,0.24155196070269602,0.0,,,
266,0.30823421619520186,1.0,,,
267,0.29946072752249764,0.0,,,
268,0.3168497851551466,0.0,,,
269,0.33384499378231536,0.0,,,
270,0.31347556916385716,0.0,,,
271,0.28702674278963286,0.0,,,
272,0.28702674278963286,0.0,,,
273,0.2863691422517596,0.0,,,
274,0.3173576369514051,1.0,,,
275,0.31783314803557716,0.0,,,
276,0.3047279192482917,0.0,,,
277,0.2988166242732529,0.0,,,
278,0.27049699091504564,0.0,,,
279,0.26523041599308905,0.0,,,
280,0.27440406157526587,0.0,,,
281,0.2703975336538764,0.0,,,
282,0.2703975336538764,0.0,,,
283,0.27049699091504564,0.0,,,
284,0.26033095719230126,0.0,,,
285,0.2748779384172385,0.0,,,
286,0.27088026509690505,0.0,,,
287,0.2752825320845025,0.0,,,
288,0.25914773804191304,0.0,,,
289,0.26062251912518763,0.0,,,
290,0.2660235047053401,0.0,,,
291,0.2598280258456968,0.0,,,
292,0.2598280258456968,0.0,,,
293,0.2687348004025052,0.0,,,
294,0.26971469418115357,0.0,,,
295,0.3044277230232055,1.0,,,
296,0.26971469418115357,0.0,,,
297,0.23491719972794817,0.0,,,
298,0.3223145631940248,1.0,,,
299,0.2969397842709451,0.0,,,
300,0.2963417385475621,0.0,,,
301,0.3113156230360964,1.0,,,
302,0.3113156230360964,0.0,,,
303,0.2863691422517596,0.0,,,
304,0.2817262625702813,0.0,,,
305,0.2955661638889189,0.0,,,
306,0.2864601630592525,0.0,,,
307,0.2842765367851,0.0,,,
308,0.2858146821386144,0.0,,,
309,0.2659947259920228,0.0,,,
310,0.2659947259920228,0.0,,,
311,0.35825040806392117,1.0,,,
312,0.31083844855911735,0.0,,,
313,0.3223984517919603,0.0,,,
314,0.3027736200199706,0.0,,,
315,0.3257065992993496,0.0,,,
316,0.3168497851551466,0.0,,,
317,0.32601439448018765,0.0,,,
318,0.27835452837662433,0.0,,,
319,0.27835452837662433,0.0,,,
320,0.2960603589758603,0.0,,,
321,0.30981278943105256,1.0,,,
322,0.2374592727082666,0.0,,,
323,0.26899212312811815,0.0,,,
324,0.2360945719117022,0.0,,,
325,0.23688977751979123,0.0,,,
326,0.265122347921241,0.0,,,
327,0.265122347921241,0.0,,,
328,0.2804109375626077,0.0,,,
329,0.24695115686302682,0.0,,,
330,0.2651878695171553,0.0,,,
331,0.2647395786115191,0.0,,,
332,0.25134135625037524,0.0,,,
333,0.2511065917709723,0.0,,,
334,0.24183232266513066,0.0,,,
335,0.2787360725620407,0.0,,,
336,0.26947681330278145,0.0,,,
337,0.27481869364466177,0.0,,,
338,0.2651038517681079,0.0,,,
339,0.2651038517681079,0.0,,,
340,0.26974486953644233,0.0,,,
341,0.26539716304300537,0.0,,,
342,0.27960157115118833,0.0,,,
343,0.26444761438705944,0.0,,,
344,0.3219042567050189,1.0,,,
345,0.3062117896569246,0.0,,,
346,0.26555840885435206,0.0,,,
347,0.28692466083251755,0.0,,,
348,0.2786294222115472,0.0,,,
349,0.3047091025949073,1.0,,,
350,0.3188998346467302,0.0,,,
351,0.31655647540764575,0.0,,,
352,0.31655647540764575,0.0,,,
353,0.3100002628357788,0.0,,,
354,0.31353689265767365,0.0,,,
355,0.2778780228536608,0.0,,,
356,0.26034319778990556,0.0,,,
357,0.29244246451054023,0.0,,,
358,0.2687254139448951,0.0,,,
359,0.25968561335841933,0.0,,,
360,0.2510027640793412,0.0,,,
361,0.2608755893385729,0.0,,,
362,0.30619387945904875,1.0,,,
363,0.27049699091504564,0.0,,,
364,0.274712132293409,0.0,,,
365,0.274712132293409,0.0,,,
366,0.2791918446661955,0.0,,,
367,0.2599411875810025,0.0,,,
368,0.2655112359292906,0.0,,,
369,0.2511065917709723,0.0,,,
370,0.2511065917709723,0.0,,,
371,0.2794295360577074,0.0,,,
372,0.26497399654960685,0.0,,,
373,0.26497399654960685,0.0,,,
374,0.2692813451072392,0.0,,,
375,0.2742564606768737,0.0,,,
376,0.29380874464897744,0.0,,,
377,0.26454707164822866,0.0,,,
378,0.2883632410232132,0.0,,,
379,0.2651038517681079,0.0,,,
380,0.2958832446497652,0.0,,,
381,0.2958832446497652,0.0,,,
382,0.2651038517681079,0.0,,,
383,0.29751584993197894,0.0,,,
384,0.26993892953872545,0.0,,,
385,0.3186997768065701,1.0,,,
386,0.3074463641494191,0.0,,,
387,0.2910952021284855,0.0,,,
388,0.28692466083251755,0.0,,,
389,0.28788868147080643,0.0,,,
390,0.3009241829169894,1.0,,,
391,0.26078632062995977,0.0,,,
392,0.26862510772619075,0.0,,,
393,0.28386474120217475,0.0,,,
394,0.2741624562636133,0.0,,,
395,0.26072197638635686,0.0,,,
396,0.26072197638635686,0.0,,,
397,0.2707803029635983,0.0,,,
398,0.2602175540435222,0.0,,,
399,0.2742564606768737,0.0,,,
400,0.2703975336538764,0.0,,,
401,0.24188977751979124,0.0,,,
402,0.2660263921299204,0.0,,,
403,0.26072197638635686,0.0,,,
404,0.24681781427215266,0.0,,,
405,0.2551983962160672,0.0,,,
406,0.271763212599322,0.0,,,
407,0.2680712502690472,0.0,,,
408,0.2703975336538764,0.0,,,
409,0.23285446752391983,0.0,,,
410,0.25945466631198016,0.0,,,
411,0.27440406157526587,0.0,,,
412,0.23686660353161604,0.0,,,
413,0.2688761271677633,0.0,,,
414,0.2958832446497652,0.0,,,
415,0.2958832446497652,0.0,,,
416,0.32289264687890173,1.0,,,
417,0.3219042567050189,0.0,,,
418,0.31725014936023405,0.0,,,
419,0.3082050542723022,0.0,,,
420,0.3082050542723022,0.0,,,
421,0.31209157675851096,0.0,,,
422,0.2955661638889189,0.0,,,
423,0.29381175902524753,0.0,,,
424,0.2814521235612252,0.0,,,
425,0.2770605383391798,0.0,,,
426,0.29578621996680415,0.0,,,
427,0.2814521235612252,0.0,,,
428,0.2952920248798627,0.0,,,
429,0.2952920248798627,0.0,,,
430,0.27863590794832616,0.0,,,
431,0.27863590794832616,0.0,,,
432,0.259472498817425,0.0,,,
433,0.259472498817425,0.0,,,
434,0.25101423859988653,0.0,,,
435,0.2703975336538764,0.0,,,
436,0.2701969207520447,0.0,,,
437,0.2700974634908755,0.0,,,
438,0.2703975336538764,0.0,,,
439,0.2698881342210505,0.0,,,
440,0.2713083547360554,0.0,,,
441,0.24073107904281693,0.0,,,
442,0.26559824447855296,0.0,,,
443,0.24308279427670723,0.0,,,
444,0.24663164740528443,0.0,,,
445,0.23201626278989979,0.0,,,
446,0.2700974634908755,0.0,,,
447,0.2700974634908755,0.0,,,
448,0.27827591721347056,0.0,,,
449,0.25126622168427637,0.0,,,
450,0.28304201278313557,0.0,,,
451,0.2652312839622837,0.0,,,
452,0.2511475747594998,0.0,,,
453,0.28386474120217475,0.0,,,
454,0.28386474120217475,0.0,,,
455,0.2931307779079564,0.0,,,
456,0.31353689265767365,1.0,,,
457,0.29871094347972704,0.0,,,
458,0.2863691422517596,0.0,,,
459,0.2863691422517596,0.0,,,
460,0.31899998411638986,1.0,,,
461,0.2859057029461073,0.0,,,
462,0.3041734591351465,0.0,,,
463,0.26130535859791043,0.0,,,
464,0.2990530761053861,0.0,,,
465,0.2990530761053861,0.0,,,
466,0.2885917645964122,0.0,,,
467,0.265122347921241,0.0,,,
468,0.27582428209027077,0.0,,,
469,0.27582428209027077,0.0,,,
470,0.27960157115118833,0.0,,,
471,0.2707803029635983,0.0,,,
472,0.25092635462676655,0.0,,,
473,0.25099648657674317,0.0,,,
474,0.25099648657674317,0.0,,,
475,0.2838778627804863,0.0,,,
476,0.2553216422679272,0.0,,,
477,0.2598280258456968,0.0,,,
478,0.25564740355555315,0.0,,,
479,0.25908162356916187,0.0,,,
480,0.24953945751661197,0.0,,,
481,0.24647696214134263,0.0,,,
482,0.2609016192639415,0.0,,,
483,0.26971469418115357,0.0,,,
484,0.26971469418115357,0.0,,,
485,0.2403483400575486,0.0,,,
486,0.26549712517631213,0.0,,,
487,0.2827660481000547,0.0,,,
488,0.2707803029635983,0.0,,,
489,0.2700974634908755,0.0,,,
490,0.2769771315175359,0.0,,,
491,0.24775903713575562,0.0,,,
492,0.29483427437467874,0.0,,,
493,0.29483427437467874,0.0,,,
494,0.2698004091849499,0.0,,,
495,0.29990150738322674,0.0,,,
496,0.29192380125068684,0.0,,,
497,0.29192380125068684,0.0,,,
498,0.2952920248798627,0.0,,,
499,0.304489046517022,1.0,,,
500,0.30436639952938904,0.0,,,
501,0.2883632410232132,0.0,,,
502,0.25597787964897567,0.0,,,
503,0.26062251912518763,0.0,,,
504,0.2618023585763928,0.0,,,
505,0.2599411875810025,0.0,,,
506,0.26941613194669034,0.0,,,
507,0.26941613194669034,0.0,,,
508,0.2599411875810025,0.0,,,
509,0.265853040103491,0.0,,,
510,0.26100107652511073,0.0,,,
511,0.26971469418115357,0.0,,,
512,0.2703975336538764,0.0,,,
513,0.28931490509920454,0.0,,,
514,0.25043534454334143,0.0,,,
515,0.2700974634908755,0.0,,,
516,0.2699577169869774,0.0,,,
517,0.2553216422679272,0.0,,,
518,0.2790041287957016,0.0,,,
519,0.2601287361984735,0.0,,,
520,0.2775417223831896,0.0,,,
521,0.2878890607169212,0.0,,,
522,0.2878890607169212,0.0,,,
523,0.3027392960775779,1.0,,,
524,0.26454707164822866,0.0,,,
525,0.2693701629522879,0.0,,,
526,0.2693701629522879,0.0,,,
527,0.26993892953872545,0.0,,,
528,0.2780798351809922,0.0,,,
529,0.29584754346062064,0.0,,,
530,0.3042556659712647,1.0,,,
531,0.27325332766325194,0.0,,,
532,0.27325332766325194,0.0,,,
533,0.30526125776163676,1.0,,,
534,0.26443937912684523,0.0,,,
535,0.26443937912684523,0.0,,,
536,0.29972624783414015,0.0,,,
537,0.2742269116770769,0.0,,,
538,0.29704129037957216,0.0,,,
539,0.29900191854970093,0.0,,,
540,0.26509860080854214,0.0,,,
541,0.26509860080854214,0.0,,,
542,0.295769335431044,0.0,,,
543,0.2601300832489113,0.0,,,
544,0.2877820311203129,0.0,,,
545,0.26608000251572816,0.0,,,
546,0.24626781251816648,0.0,,,
547,0.2601287361984735,0.0,,,
548,0.26520330902927713,0.0,,,
549,0.26444761438705944,0.0,,,
550,0.27891626589345997,0.0,,,
551,0.2703975336538764,0.0,,,
552,0.2703975336538764,0.0,,,
553,0.268706459506839,0.0,,,
554,0.26058153613666013,0.0,,,
555,0.25048629287317803,0.0,,,
556,0.25048629287317803,0.0,,,
557,0.2601300832489113,0.0,,,
558,0.2651038517681079,0.0,,,
559,0.25166034851082747,0.0,,,
560,0.27378228037058167,0.0,,,
561,0.2741453929066245,0.0,,,
562,0.28581574060622716,0.0,,,
563,0.27973339938226394,0.0,,,
564,0.26506529357935116,0.0,,,
565,0.2883632410232132,0.0,,,
566,0.2600858067395748,0.0,,,
567,0.2701969207520447,0.0,,,
568,0.23494886337372028,0.0,,,
569,0.23494886337372028,0.0,,,
570,0.26058153613666013,0.0,,,
571,0.24190805729047143,0.0,,,
572,0.26444761438705944,0.0,,,
573,0.26444761438705944,0.0,,,
574,0.2689614591747879,0.0,,,
575,0.2769771315175359,0.0,,,
576,0.273073807058612,0.0,,,
577,0.2869257193001303,0.0,,,
578,0.3049832416039634,1.0,,,
579,0.2740944737164457,0.0,,,
580,0.25589708815985834,0.0,,,
581,0.25589708815985834,0.0,,,
582,0.26072197638635686,0.0,,,
583,0.2413415879828058,0.0,,,
584,0.2361903302983272,0.0,,,
585,0.26941613194669034,0.0,,,
586,0.25573622140060187,0.0,,,
587,0.25573622140060187,0.0,,,
588,0.2321891438234044,0.0,,,
589,0.26072197638635686,0.0,,,
590,0.24596133815460922,0.0,,,
591,0.24953945751661197,0.0,,,
592,0.25049813313055136,0.0,,,
593,0.2757697405207115,0.0,,,
594,0.245350469800165,0.0,,,
595,0.2652111657662897,0.0,,,
596,0.26971469418115357,0.0,,,
597,0.28895877229487954,0.0,,,
598,0.2513867847343344,0.0,,,
599,0.26933166931787345,0.0,,,
600,0.29704129037957216,0.0,,,
601,0.2859057029461073,0.0,,,
602,0.2563942566956526,0.0,,,
603,0.29473756476671753,0.0,,,
604,0.2798123053674293,0.0,,,
605,0.2798123053674293,0.0,,,
606,0.2902443547694462,0.0,,,
607,0.2703975336538764,0.0,,,
608,0.2903228159082263,0.0,,,
609,0.27598871950264725,0.0,,,
610,0.31298137407691573,1.0,,,
611,0.29671325641148694,0.0,,,
612,0.3078189596244574,0.0,,,
613,0.2764226714043907,0.0,,,
614,0.2991414727582782,0.0,,,
615,0.3223984517919603,1.0,,,
616,0.3227063598725367,0.0,,,
617,0.3227063598725367,0.0,,,
618,0.29734692150973696,0.0,,,
619,0.2863691422517596,0.0,,,
620,0.3045251018780742,1.0,,,
621,0.3045251018780742,0.0,,,
622,0.250334663124701,0.0,,,
623,0.2561065917709723,0.0,,,
624,0.27108037312659916,0.0,,,
625,0.2463944884280831,0.0,,,
626,0.2556491210748949,0.0,,,
627,0.2659947259920228,0.0,,,
628,0.2322743929044066,0.0,,,
629,0.2605134169873587,0.0,,,
630,0.2605134169873587,0.0,,,
631,0.275497325723798,0.0,,,
632,0.2353408552659948,0.0,,,
633,0.2552136536976455,0.0,,,
634,0.2708079583296856,0.0,,,
635,0.26062251912518763,0.0,,,
636,0.2652111657662897,0.0,,,
637,0.2285107982245234,0.0,,,
638,0.25101423859988653,0.0,,,
639,0.26130535859791043,0.0,,,
640,0.2701969207520447,0.0,,,
641,0.28328985560177455,0.0,,,
642,0.30464883756870353,1.0,,,
643,0.3066196170679561,0.0,,,
644,0.3227063598725367,0.0,,,
645,0.30337800935550613,0.0,,,
646,0.30337800935550613,0.0,,,
647,0.2871987998415737,0.0,,,
648,0.32141100324183586,0.0,,,
649,0.3173576369514051,0.0,,,
650,0.3140379686910287,0.0,,,
651,0.31328928215749213,0.0,,,
652,0.32141100324183586,0.0,,,
653,0.2651038517681079,0.0,,,
654,0.26993892953872545,0.0,,,
655,0.2701969207520447,0.0,,,
656,0.26072197638635686,0.0,,,
657,0.24149120715558764,0.0,,,
658,0.2661547096077984,0.0,,,
659,0.2661547096077984,0.0,,,
660,0.2553131109588147,0.0,,,
661,0.27108037312659916,0.0,,,
662,0.24177030729434149,0.0,,,
663,0.26062251912518763,0.0,,,
664,0.26039679243213437,0.0,,,
665,0.26039679243213437,0.0,,,
666,0.2651304538597823,0.0,,,
667,0.2508758210710034,0.0,,,
668,0.2554889922495506,0.0,,,
669,0.2903640537340603,0.0,,,
670,0.25676068125500523,0.0,,,
671,0.27405589491236054,0.0,,,
672,0.27405589491236054,0.0,,,
673,0.26861883975508644,0.0,,,
674,0.2542754496517956,0.0,,,
675,0.2863691422517596,0.0,,,
676,0.26454707164822866,0.0,,,
677,0.295769335431044,0.0,,,
678,0.26039679243213437,0.0,,,
679,0.26039679243213437,0.0,,,
680,0.2749132250618093,0.0,,,
681,0.2786345664534136,0.0,,,
682,0.27368157507647345,0.0,,,
683,0.304210853754168,1.0,,,
684,0.26938165132594355,0.0,,,
685,0.24963181068769769,0.0,,,
686,0.26062251912518763,0.0,,,
687,0.2687254139448951,0.0,,,
688,0.2802829026953735,0.0,,,
689,0.25573622140060187,0.0,,,
690,0.28874635843862884,0.0,,,
691,0.27911032589574314,0.0,,,
692,0.27911032589574314,0.0,,,
693,0.26058153613666013,0.0,,,
694,0.2647143235702826,0.0,,,
695,0.27481869364466177,0.0,,,
696,0.25068332095532453,0.0,,,
697,0.23657175422429785,0.0,,,
698,0.2601287361984735,0.0,,,
699,0.2829237484816878,0.0,,,
700,0.2829237484816878,0.0,,,
701,0.30283628490473313,1.0,,,
702,0.26520330902927713,0.0,,,
703,0.2798123053674293,0.0,,,
704,0.3219042567050189,1.0,,,
705,0.3088164817437257,0.0,,,
706,0.27931253319443466,0.0,,,
707,0.26021935195752444,0.0,,,
708,0.28255220826747307,0.0,,,
709,0.2785342602347093,0.0,,,
710,0.3078280915698428,1.0,,,
711,0.3078280915698428,0.0,,,
712,0.2992869363621634,0.0,,,
713,0.3003783550944754,0.0,,,
714,0.2787360725620407,0.0,,,
715,0.26444761438705944,0.0,,,
716,0.29115402650854405,0.0,,,
717,0.2863691422517596,0.0,,,
718,0.28748017941327547,0.0,,,
719,0.2608755893385729,0.0,,,
720,0.2608755893385729,0.0,,,
721,0.24149120715558764,0.0,,,
722,0.27537180079311563,0.0,,,
723,0.26072197638635686,0.0,,,
724,0.26539716304300537,0.0,,,
725,0.26078632062995977,0.0,,,
726,0.25059450311027587,0.0,,,
727,0.2413415879828058,0.0,,,
728,0.22503429602358915,0.0,,,
729,0.26941613194669034,0.0,,,
730,0.26941613194669034,0.0,,,
731,0.2652111657662897,0.0,,,
732,0.2694786112167836,0.0,,,
733,0.2694786112167836,0.0,,,
734,0.23993117699131086,0.0,,,
735,0.25048629287317803,0.0,,,
736,0.23613606087408384,0.0,,,
737,0.2597392080006481,0.0,,,
738,0.2554210995290964,0.0,,,
739,0.23132287818675165,0.0,,,
740,0.23834287966643353,0.0,,,
741,0.24103012118113684,0.0,,,
742,0.24103012118113684,0.0,,,
743,0.2727651146281764,0.0,,,
744,0.26003893071859246,0.0,,,
745,0.2989994189385672,0.0,,,
746,0.2989994189385672,0.0,,,
747,0.2676864788430936,0.0,,,
748,0.28089766344808,0.0,,,
749,0.2599532445396602,0.0,,,
750,0.25101423859988653,0.0,,,
751,0.25065883713729953,0.0,,,
752,0.2989052089417397,0.0,,,
753,0.2992123819900171,0.0,,,
754,0.28226264849403837,0.0,,,
755,0.28226264849403837,0.0,,,
756,0.28637020071937236,0.0,,,
757,0.3080649497987993,1.0,,,
758,0.2700974634908755,0.0,,,
759,0.28255220826747307,0.0,,,
760,0.3087706021189589,1.0,,,
761,0.2598290695860982,0.0,,,
762,0.28701744845143856,0.0,,,
763,0.265122347921241,0.0,,,
764,0.2561065917709723,0.0,,,
765,0.27049436911238556,0.0,,,
766,0.26130535859791043,0.0,,,
767,0.271763212599322,0.0,,,
768,0.271763212599322,0.0,,,
769,0.2701251188569629,0.0,,,
770,0.264810328370708,0.0,,,
771,0.23068398168822857,0.0,,,
772,0.2691313119696,0.0,,,
773,0.24537900965077591,0.0,,,
774,0.2739436161088311,0.0,,,
775,0.26451592735421536,0.0,,,
776,0.28596946029448855,0.0,,,
777,0.25454081178458093,0.0,,,
778,0.25454081178458093,0.0,,,
779,0.27647985077821396,0.0,,,
780,0.27647985077821396,0.0,,,
781,0.27660936147119675,0.0,,,
782,0.2650775051701561,0.0,,,
783,0.31298137407691573,1.0,,,
784,0.2916496622416307,0.0,,,
785,0.2749132250618093,0.0,,,
786,0.31433899582519154,1.0,,,
787,0.2863691422517596,0.0,,,
788,0.26003893071859246,0.0,,,
789,0.26003893071859246,0.0,,,
790,0.2688761271677633,0.0,,,
791,0.2958832446497652,0.0,,,
792,0.2693387057966242,0.0,,,
793,0.2693387057966242,0.0,,,
794,0.2599532445396602,0.0,,,
795,0.2599532445396602,0.0,,,
796,0.30800188273017703,1.0,,,
797,0.2754868959628656,0.0,,,
798,0.25914773804191304,0.0,,,
799,0.259472498817425,0.0,,,
800,0.22615585943821664,0.0,,,
801,0.245350469800165,0.0,,,
802,0.25048629287317803,0.0,,,
803,0.2703975336538764,0.0,,,
804,0.26971469418115357,0.0,,,
805,0.26444101637705586,0.0,,,
806,0.26444101637705586,0.0,,,
807,0.2609016192639415,0.0,,,
808,0.2701969207520447,0.0,,,
809,0.2520885443467294,0.0,,,
810,0.26539716304300537,0.0,,,
811,0.27797832907236514,0.0,,,
812,0.2597392080006481,0.0,,,
813,0.2701251188569629,0.0,,,
814,0.3020507450358414,1.0,,,
815,0.28701603581191815,0.0,,,
816,0.2601300832489113,0.0,,,
817,0.3121279068435527,1.0,,,
818,0.300291165298032,0.0,,,
819,0.29175116835025783,0.0,,,
820,0.29175116835025783,0.0,,,
821,0.26043262464620665,0.0,,,
822,0.2601171877098386,0.0,,,
823,0.2601287361984735,0.0,,,
824,0.3130595821064923,1.0,,,
825,0.3130595821064923,0.0,,,
826,0.2742564606768737,0.0,,,
827,0.2765241524154228,0.0,,,
828,0.27779900979586647,0.0,,,
829,0.30877330857841534,1.0,,,
830,0.27808038936756824,0.0,,,
831,0.2781886159433481,0.0,,,
832,0.26078632062995977,0.0,,,
833,0.2601287361984735,0.0,,,
834,0.2700865304371177,0.0,,,
835,0.2700865304371177,0.0,,,
836,0.2694533126469384,0.0,,,
837,0.2779593746343091,0.0,,,
838,0.26938165132594355,0.0,,,
839,0.2740324339538798,0.0,,,
840,0.2740324339538798,0.0,,,
841,0.25924719530308227,0.0,,,
842,0.2553216422679272,0.0,,,
843,0.26072197638635686,0.0,,,
844,0.265122347921241,0.0,,,
845,0.2883632410232132,0.0,,,
846,0.2658132933325051,0.0,,,
847,0.24636959912367457,0.0,,,
848,0.2883632410232132,0.0,,,
849,0.2929988414211838,0.0,,,
850,0.29751584993197894,0.0,,,
851,0.2883632410232132,0.0,,,
852,0.27380141641817685,0.0,,,
853,0.2512263510179238,0.0,,,
854,0.28998232631363663,0.0,,,
855,0.2878890607169212,0.0,,,
856,0.3168634418644637,1.0,,,
857,0.297010612159449,0.0,,,
858,0.2725182884778541,0.0,,,
859,0.28748017941327547,0.0,,,
860,0.30664839654832,1.0,,,
861,0.30664839654832,0.0,,,
862,0.3052837920009573,0.0,,,
863,0.3213949647187031,0.0,,,
864,0.3400859248784113,0.0,,,
865,0.2828222423730607,0.0,,,
866,0.2508961225594973,0.0,,,
867,0.2561784107155296,0.0,,,
868,0.3021644104771777,1.0,,,
869,0.27970574401617654,0.0,,,
870,0.2692813451072392,0.0,,,
871,0.2878089047221519,0.0,,,
872,0.259472498817425,0.0,,,
873,0.259472498817425,0.0,,,
874,0.2834090695856394,0.0,,,
875,0.26993892953872545,0.0,,,
876,0.25956131666247373,0.0,,,
877,0.2786294222115472,0.0,,,
878,0.2786294222115472,0.0,,,
879,0.26993892953872545,0.0,,,
880,0.269282692157677,0.0,,,
881,0.26078632062995977,0.0,,,
882,0.269568188789152,0.0,,,
883,0.24646195229476028,0.0,,,
884,0.27366448922242853,0.0,,,
885,0.26156495064452134,0.0,,,
886,0.2689614591747879,0.0,,,
887,0.29358668716881214,0.0,,,
888,0.3227063598725367,1.0,,,
889,0.3227063598725367,0.0,,,
890,0.2564104671849089,0.0,,,
891,0.2751141718327683,0.0,,,
892,0.2863691422517596,0.0,,,
893,0.29641658316311026,0.0,,,
894,0.3088164817437257,1.0,,,
895,0.3183556713444197,0.0,,,
896,0.2903640537340603,0.0,,,
897,0.3284357547289092,0.0,,,
898,0.3186755288146326,0.0,,,
899,0.3227063598725367,0.0,,,
900,0.25129333873864035,0.0,,,
901,0.29400211648563457,0.0,,,
902,0.26563531791762374,0.0,,,
903,0.28807401904409213,0.0,,,
904,0.25713605132454054,0.0,,,
905,0.2657799323527273,0.0,,,
906,0.26938299837638136,0.0,,,
907,0.2505103499379498,0.0,,,
908,0.25048629287317803,0.0,,,
909,0.2703975336538764,0.0,,,
910,0.2703975336538764,0.0,,,
911,0.27078181089213593,0.0,,,
912,0.22191863938407877,0.0,,,
913,0.24177850420903332,0.0,,,
914,0.26405673913879635,0.0,,,
915,0.2657799323527273,0.0,,,
916,0.2599285268472674,0.0,,,
917,0.2556008071565632,0.0,,,
918,0.25956311457647596,0.0,,,
919,0.2417974243487055,0.0,,,
920,0.2602944010164926,0.0,,,
921,0.2811964889571059,0.0,,,
922,0.3023886180570901,1.0,,,
923,0.2864601630592525,0.0,,,
924,0.2877543184223316,0.0,,,
925,0.2877543184223316,0.0,,,
926,0.3006788565171383,1.0,,,
927,0.28276538654103067,0.0,,,
928,0.30409437745555834,0.0,,,
929,0.31635653169196365,0.0,,,
930,0.3135378342814321,0.0,,,
931,0.26143319888753724,0.0,,,
932,0.3010104276095171,0.0,,,
933,0.3350405879205316,0.0,,,
934,0.30442772302320553,0.0,,,
935,0.30442772302320553,0.0,,,
936,0.2654931678434308,0.0,,,
937,0.2889312552317558,0.0,,,
938,0.2675279480082817,0.0,,,
939,0.2751141718327683,0.0,,,
940,0.23736238442986868,0.0,,,
941,0.23691954406239527,0.0,,,
942,0.2669002805489733,0.0,,,
943,0.24001642607231308,0.0,,,
944,0.2619881980706332,0.0,,,
945,0.2619881980706332,0.0,,,
946,,,,,
947,0.2322743929044066,0.0,,,
948,0.2407976340223702,0.0,,,
949,0.26062251912518763,0.0,,,
950,0.2700974634908755,0.0,,,
951,0.24144185060709933,0.0,,,
952,0.27835452837662433,0.0,,,
953,0.25101423859988653,0.0,,,
954,0.3222121647855952,1.0,,,
955,0.271763212599322,0.0,,,
956,0.275881606299661,0.0,,,
957,0.251004111129779,0.0,,,
958,0.251004111129779,0.0,,,
959,0.3370513236888539,1.0,,,
960,0.2707803029635983,0.0,,,
961,0.27970574401617654,0.0,,,
962,0.28998232631363663,0.0,,,
963,0.25699192680106114,0.0,,,
964,0.25987675189354104,0.0,,,
965,0.2864601630592525,0.0,,,
966,0.2864601630592525,0.0,,,
967,0.26021935195752444,0.0,,,
968,0.2777203986327126,0.0,,,
969,0.27779900979586647,0.0,,,
970,0.260031855702814,0.0,,,
971,0.287216087510911,0.0,,,
972,0.27689179951051124,0.0,,,
973,0.2597392080006481,0.0,,,
974,0.29232762898265174,0.0,,,
975,0.260881606299661,0.0,,,
976,0.2598290695860982,0.0,,,
977,0.29751584993197894,0.0,,,
978,0.260238071819193,0.0,,,
979,0.260238071819193,0.0,,,
980,0.2651038517681079,0.0,,,
981,0.27039753365387637,0.0,,,
982,0.23993117699131086,0.0,,,
983,0.23993117699131086,0.0,,,
984,0.265471365262938,0.0,,,
985,0.2647143235702826,0.0,,,
986,0.2849186027292362,0.0,,,
987,0.274900204592475,0.0,,,
988,0.2601300832489113,0.0,,,
989,0.27969952048381996,0.0,,,
990,0.2652111657662897,0.0,,,
991,0.2882629348045089,0.0,,,
992,0.26444761438705944,0.0,,,
993,0.2828222423730607,0.0,,,
994,0.25560292389658607,0.0,,,
995,0.25560292389658607,0.0,,,
996,0.260155372988107,0.0,,,
997,0.28778717536217935,0.0,,,
998,0.29761775101196614,0.0,,,
999,0.2687254139448951,0.0,,,
1000,0.2916496622416307,0.0,,,
1001,0.26943164574852124,0.0,,,
1002,0.30461401002957056,1.0,,,
1003,0.3191072922527081,0.0,,,
1004,0.3139445025838764,0.0,,,
1005,0.3041366994783892,0.0,,,
1006,0.3041366994783892,0.0,,,
1007,0.31910238252481943,0.0,,,
1008,0.296324854011802,0.0,,,
1009,0.29360646283078157,0.0,,,
1010,0.259472498817425,0.0,,,
1011,0.2560773369101449,0.0,,,
1012,0.2601287361984735,0.0,,,
1013,0.2742564606768737,0.0,,,
1014,0.28386474120217475,0.0,,,
1015,0.28386474120217475,0.0,,,
1016,0.2742564606768737,0.0,,,
1017,0.2969409643315787,0.0,,,
1018,0.28799902943291994,0.0,,,
1019,0.3026256306362416,1.0,,,
1020,0.26993892953872545,0.0,,,
1021,0.2744291654468364,0.0,,,
1022,0.2744291654468364,0.0,,,
1023,0.24001642607231308,0.0,,,
1024,0.2510027640793412,0.0,,,
1025,0.232746257286822,0.0,,,
1026,0.3050841358684353,1.0,,,
1027,0.29358668716881214,0.0,,,
1028,0.2787360725620407,0.0,,,
1029,0.2787360725620407,0.0,,,
1030,0.27960006322265074,0.0,,,
1031,0.29175116835025783,0.0,,,
1032,0.2742564606768737,0.0,,,
1033,0.2936155400214665,0.0,,,
1034,0.30469221805914715,1.0,,,
1035,0.3171960085112114,0.0,,,
1036,0.29222572790266454,0.0,,,
1037,0.26946474923243346,0.0,,,
1038,0.3186211080041198,1.0,,,
1039,0.26078632062995977,0.0,,,
1040,0.28757190856458376,0.0,,,
1041,0.2877543184223316,0.0,,,
1042,0.3154456145258852,1.0,,,
1043,0.3130595821064923,0.0,,,
1044,0.29641658316311026,0.0,,,
1045,0.2701969207520447,0.0,,,
1046,0.3005627798895348,1.0,,,
1047,0.275046885657943,0.0,,,
1048,0.24663164740528443,0.0,,,
1049,0.24149120715558764,0.0,,,
1050,0.260881606299661,0.0,,,
1051,0.2509231157506913,0.0,,,
1052,0.2609016192639415,0.0,,,
1053,0.2417974243487055,0.0,,,
1054,0.2417974243487055,0.0,,,
1055,0.23790736796919712,0.0,,,
1056,0.289641811277648,0.0,,,
1057,0.27049699091504564,0.0,,,
1058,0.25914773804191304,0.0,,,
1059,0.24065192289569204,0.0,,,
1060,0.26072197638635686,0.0,,,
1061,0.25129333873864035,0.0,,,
1062,0.24624059603216883,0.0,,,
1063,0.2703975336538764,0.0,,,
1064,0.26405673913879635,0.0,,,
1065,0.2711803352599059,0.0,,,
1066,0.26039679243213437,0.0,,,
1067,0.2519761782113632,0.0,,,
1068,0.26130535859791043,0.0,,,
1069,0.26905725901319444,0.0,,,
1070,0.24768238249788588,0.0,,,
1071,0.31338599176545334,1.0,,,
1072,0.31338599176545334,0.0,,,
1073,0.25184888975257064,0.0,,,
1074,0.25184888975257064,0.0,,,
1075,0.27314833200653715,0.0,,,
1076,0.2739559484331425,0.0,,,
1077,0.2689614591747879,0.0,,,
1078,0.27725021205897926,0.0,,,
1079,0.2802829026953735,0.0,,,
1080,0.27801983805164154,0.0,,,
1081,0.30464883756870353,1.0,,,
1082,0.2567092316026432,0.0,,,
1083,0.24155804303901918,0.0,,,
1084,0.23201860681137015,0.0,,,
1085,0.26060623489133505,0.0,,,
1086,0.26060623489133505,0.0,,,
1087,0.24761360783271244,0.0,,,
1088,0.27049436911238556,0.0,,,
1089,0.2548302069037649,0.0,,,
1090,0.245350469800165,0.0,,,
1091,0.2653719080017688,0.0,,,
1092,0.23068398168822857,0.0,,,
1093,0.25625197667003136,0.0,,,
1094,0.23147918729631758,0.0,,,
1095,0.23961783342433499,0.0,,,
1096,0.25073107904281694,0.0,,,
1097,0.25518411616698505,0.0,,,
1098,0.23583819786619498,0.0,,,
1099,0.23583819786619498,0.0,,,
1100,0.24990764682891428,0.0,,,
1101,,,,,
1102,0.23201626278989979,0.0,,,
1103,0.2605134169873587,0.0,,,
1104,0.2737890934813638,0.0,,,
1105,0.26062251912518763,0.0,,,
1106,0.26062251912518763,0.0,,,
1107,0.3012452396676766,1.0,,,
1108,0.3012452396676766,0.0,,,
1109,0.2877820311203129,0.0,,,
1110,0.2718636796047663,0.0,,,
1111,0.272881991105332,0.0,,,
1112,0.2780972409639475,0.0,,,
1113,0.2770782830775373,0.0,,,
1114,0.2770782830775373,0.0,,,
